order_id,stat_order_created_ts,stat_order_processed_user_id,stat_order_confirmed_ts,stat_order_confirmed_user_id,stat_order_callback_ts,stat_order_lead_ts,stat_order_operator_id,stat_order_rejection_reason,stat_order_invalid_reason,stat_order_country,stat_order_country_ip,stat_order_country_phone,stat_order_region,stat_order_city,stat_order_delivery_price,stat_order_payment_method,stat_order_phone_geocoder,stat_order_phone_valid,stat_order_status_order,stat_order_is_valid,stat_order_is_call_fail,stat_order_valid_error,stat_order_webmaster_id,stat_order_offer_id,stat_order_landing_id,stat_order_prelanding_id,stat_order_money,stat_order_count_call,stat_order_last_call_ts,stat_order_count_callback,stat_order_good_count,stat_order_phone_id,stat_order_utm_source,stat_order_utm_medium,stat_order_utm_campaign,stat_order_utm_content,stat_order_utm_term,stat_order_is_prepay,stat_order_landing_price,stat_order_landing_currency,stat_order_time_before_open_form,stat_order_account_manager_id,stat_order_unique_goods,stat_delivery_in_stock_ts,stat_delivery_cancel_in_stock_ts,stat_delivery_paid_ts,stat_delivery_return_ts,stat_delivery_good_count,stat_delivery_is_paid,stat_delivery_is_return,stat_delivery_delivery_status,stat_delivery_manager_id,stat_delivery_exception,stat_delivery_finance_revise_ts,stat_delivery_discount,stat_delivery_discount_eur,stat_delivery_operator_status,stat_delivery_google_and_operator_address_match,order_client_name,order_client_surname,order_client_additional_phone,order_client_age,order_client_age_unknown,order_client_sex,order_address_country,order_address_region,order_address_city,order_address_street,order_address_house,order_address_housing,order_address_apartment,order_address_zip_code,stat_order_pay_webmaster,stat_delivery_delivery_price,stat_delivery_cod,stat_delivery_delivery_price_return,stat_delivery_delivery_production_costs,profitability,outcome,outcome_pred,outcome_prob
1894549,2019-11-30 08:15:02,9487,2019-11-30 08:34:19,9487,,2019-11-30 08:15:02,9487,,,IT,IT,IT,,,,,,1,confirmed,1,,,5346,5,,,8400,0,,1,2,1042457,,,p1_1,,,1,,,462,54,1,2019-12-02 07:42:29,,2019-12-04 00:00:00,,2,1,,paid,6160,,,0,0,,1,Anna Maria Iole,Tisi,,74,,female,IT,MI,Inveruno,Via Alessandro Volta,10,-,-,20010,3600,772,0,,600,,1,1,1.0
1894707,2019-11-30 08:40:36,16233,2019-11-30 09:31:19,16233,,2019-11-30 08:40:36,16233,,,ES,ES,ES,,,,,Spain,1,confirmed,1,,,6638,5,,,11700,7,2019-11-30 09:37:53,2,3,1139999,,Facebook,Prostatricum ES,1272,3a102fb92ee4c5_api,1,,,1946,5845,1,2019-12-02 14:50:24,,2019-12-04 15:33:00,,3,1,,paid,12895,AUSENTE (Anotado 03/12/2019 18:57:16) --,,0,0,,1,Fernando,Garcia Fernandez,,75,,male,ES,Cáceres,Jarandilla de la Vera,Calle de Valfrio,12,--,---,10450,3400,600,0,,900,,1,1,0.993
1894931,2019-11-30 09:20:10,13015,2019-11-30 10:01:19,13015,,2019-11-30 09:20:10,13015,,,IT,IT,IT,,,,,,1,confirmed,1,,,6638,5,,,25000,0,,1,11,1140053,,Facebook,Adenoma 2,883,89b4456046198a_api,1,,,1486,5845,2,2019-12-02 07:41:56,,2019-12-04 00:00:00,,11,1,,paid,6160,,,0,0,,1,Guido,Semino,,71,,male,IT,GE,Genova,Via Carlo Orgiero,4,-,Int 7,16151,3400,772,0,,3346,,1,1,1.0
1895149,2019-11-30 09:47:32,11127,2019-11-30 10:08:48,11127,,2019-11-30 09:47:31,11127,,,IT,IT,IT,,,,,,1,confirmed,1,,,9931,5,1923,,12900,0,,1,4,1140087,15569,,,,,1,,,663,7466,1,2019-12-02 07:40:40,,2019-12-04 00:00:00,,4,1,,paid,6160,,,0,0,,0,banca,Fineco,,65,,male,IT,GE,Genova,Via Francesco Petrarca ( sesto piano),2/14,14,-,16121,3700,772,0,,1200,,1,1,1.0
1894267,2019-11-30 06:15:04,11979,2019-11-30 10:52:20,11979,,2019-11-30 06:15:04,11979,,,IT,IT,IT,,,,,,1,confirmed,1,,,7955,4,,,12900,0,,2,4,1139785,,rgp0mqituskt,,,,1,,,16249,7534,1,2019-12-02 07:43:29,,2019-12-04 00:00:00,,4,1,,paid,6160,,,0,0,,1,Inventa TRO,Guastini,,46,,female,IT,MI,Milano,Via Tortona,15,-,-,20144,3500,772,0,,1000,,1,1,1.0
1895385,2019-11-30 10:31:12,13615,2019-11-30 10:52:22,13615,,2019-11-30 10:31:12,13615,,,IT,IT,IT,,Sesto San Giovanni,,,,1,confirmed,1,,,12971,4,,,16000,0,,1,6,1140147,,,,,2ddec574-ac82-45b1-adf8-0fda76e2eea6,1,,,886,54,2,2019-12-02 07:40:11,,2019-12-04 00:00:00,,6,1,,paid,6160,,,0,0,,1,B.V.R. srl,Croce Cinzia,,45,,female,IT,MI,Sesto San Giovanni,Via Daniele Manin,350,-,10,20099,1300,772,0,,1490,,1,1,1.0
1893803,2019-11-29 20:08:18,11741,2019-11-30 12:22:19,11741,,2019-11-29 20:08:18,11741,,,IT,FR,IT,,,,,,1,confirmed,1,,,7653,5,,,22500,0,,3,10,1139449,,2113937,,,,1,,,47666,7534,1,2019-12-02 07:45:07,,2019-12-04 00:00:00,,10,1,,paid,6160,,,0,0,,1,Felice Rizzo,Rizzo,,61,,male,IT,FI,Scandicci,Via delle Bagnese,15,-,-,50018,3600,772,0,,3000,,1,1,1.0
1895399,2019-11-30 10:33:49,12457,2019-11-30 13:41:48,12457,,2019-11-30 10:33:49,12457,,,IT,IT,IT,,,,,,1,confirmed,1,,,6122,10,,,11600,0,,1,4,1140153,,,,,,1,,,1390,54,2,2019-12-02 07:40:03,,2019-12-04 00:00:00,,4,1,,paid,6160,,,0,0,,1,Marco,Giostra,,55,,male,IT,RM,Roma,Piazza Antonio Mancini,4,-,-,196,3500,772,0,,1288,,1,1,1.0
1896201,2019-11-30 13:12:56,13221,2019-11-30 14:28:20,13221,,2019-11-30 13:12:56,13221,,,IT,AU,IT,,,,,,1,confirmed,1,,,6304,4,,,16500,0,,2,6,1140389,,,29475,8fc11e5a-0b3b-4a83-95b6-70f2eb189f76,,1,,,3867,54,1,2019-12-02 07:38:48,,2019-12-04 00:00:00,,6,1,,paid,6160,,,0,0,,1,Olga,Del Signore,,67,,female,IT,VA,Gallarate,Piazza Giovanni XXIII,9,-,-,21013,3600,772,0,,1500,,1,1,1.0
1896515,2019-11-30 14:35:46,13783,2019-11-30 15:16:19,13783,,2019-11-30 14:35:46,13783,,,IT,IT,IT,,,,,,1,confirmed,1,,,46,5,,,14000,0,,1,5,1140563,,MGID Reborn 2k19,Roman_Prostatricum Mob 6C,,9aed4u39lwh1zf08,1,,,1028,5845,2,2019-12-02 07:36:36,,2019-12-05 00:00:00,,5,1,,paid,6160,,,0,0,,1,Conad City,Marchi Stefano,,52,,male,IT,BL,Cesiomaggiore,Piazza Commercio,26,-,-,32030,3400,772,0,,1440,,1,1,1.0
1896857,2019-11-30 16:44:55,13667,2019-11-30 17:20:49,13667,,2019-11-30 16:44:55,13667,,,ES,ES,ES,,,,,Spain,1,confirmed,1,,,46,5,,,11700,3,2019-11-30 17:16:39,1,3,1140795,,MGID Reborn 2k19,Roman Prostatricum ES 7C Desk i Mob Test,,aeda3u3ft3v464ec,1,,,783,5845,1,2019-12-02 14:49:59,,2019-12-03 18:26:00,,3,1,,paid,12895,EN REPARTO,,0,0,,1,JOSE MARTIN,MARTIN,,70,,male,ES,Madrid,Madrid,Calle de Ayala,27,--,2da planta completa (su despacho),28001,3400,600,0,,900,,1,1,0.996
1896977,2019-11-30 17:14:24,13669,2019-11-30 19:05:48,13669,,2019-11-30 17:14:24,13669,,,ES,ES,ES,,,,,Spain,1,confirmed,1,,,6745,6,966,,20500,1,2019-11-30 17:15:50,1,7,1128883,8769,,,,,1,,,1416,54,2,2019-12-02 14:49:54,,2019-12-03 14:16:00,,7,1,,paid,12895,EN REPARTO,,0,0,,0,Pedro,Moro Nicolao,,57,,male,ES,Baleares,Selva,Carrer Selva,11,--,Bajos,7369,3000,600,0,,1998,,1,1,0.994
1889569,2019-11-28 21:24:49,8204,2019-11-30 20:53:54,8204,,2019-11-28 21:24:49,8204,,,IT,IT,IT,,,,,,1,confirmed,1,,,46,5,,,7800,0,,9,2,1138281,,MGID Reborn 2k19,Roman_Prostatricum Mob 6C,,a5dbdu3qe1nrnee7,1,,,139671,5845,1,2019-12-02 07:45:50,,2019-12-04 00:00:00,,2,1,,paid,6160,,,0,0,,1,Oliviero,Gazzola,,71,,male,IT,TO,Torino,Via Ormea,137,-,-,10126,3400,772,0,,600,,1,1,1.0
