order_id,stat_order_created_ts,stat_order_processed_user_id,stat_order_confirmed_ts,stat_order_confirmed_user_id,stat_order_callback_ts,stat_order_lead_ts,stat_order_operator_id,stat_order_rejection_reason,stat_order_invalid_reason,stat_order_country,stat_order_country_ip,stat_order_country_phone,stat_order_region,stat_order_city,stat_order_delivery_price,stat_order_payment_method,stat_order_phone_geocoder,stat_order_phone_valid,stat_order_status_order,stat_order_is_valid,stat_order_is_call_fail,stat_order_valid_error,stat_order_webmaster_id,stat_order_offer_id,stat_order_landing_id,stat_order_prelanding_id,stat_order_money,stat_order_count_call,stat_order_last_call_ts,stat_order_count_callback,stat_order_good_count,stat_order_phone_id,stat_order_utm_source,stat_order_utm_medium,stat_order_utm_campaign,stat_order_utm_content,stat_order_utm_term,stat_order_is_prepay,stat_order_landing_price,stat_order_landing_currency,stat_order_time_before_open_form,stat_order_account_manager_id,stat_order_unique_goods,stat_delivery_in_stock_ts,stat_delivery_cancel_in_stock_ts,stat_delivery_paid_ts,stat_delivery_return_ts,stat_delivery_good_count,stat_delivery_is_paid,stat_delivery_is_return,stat_delivery_delivery_status,stat_delivery_manager_id,stat_delivery_exception,stat_delivery_finance_revise_ts,stat_delivery_discount,stat_delivery_discount_eur,stat_delivery_operator_status,stat_delivery_google_and_operator_address_match,order_client_name,order_client_surname,order_client_additional_phone,order_client_age,order_client_age_unknown,order_client_sex,order_address_country,order_address_region,order_address_city,order_address_street,order_address_house,order_address_housing,order_address_apartment,order_address_zip_code,stat_order_pay_webmaster,stat_delivery_delivery_price,stat_delivery_cod,stat_delivery_delivery_price_return,stat_delivery_delivery_production_costs,profitability,outcome,outcome_pred,outcome_prob
1897975,2019-12-01 06:59:54,12467,2019-12-01 07:12:25,12467,,2019-12-01 06:59:54,12467,,,AT,AT,AT,,Villach,,,Austria,1,confirmed,1,0,,12971,4,,,9800,2,2019-12-01 07:02:38,1,2,818957,,,,,3a029741-561b-4285-a991-633a45a69281,,,,114,54,1,2019-12-02 07:40:38,,,2019-12-06 11:01:31,2,0,1,return,12895,,,0,0,,1,Ina,Alber,,44,,female,AT,KT,Villach,Hausergasse,28,-,-,9500,1400,1078,499,400,500,5923.0,2,2,0.988
1897975,2019-12-01 06:59:54,,2019-12-01 07:12:25,12467,,2019-12-01 06:59:54,12467,,,AT,AT,AT,,Villach,,,Austria,1,new,1,0,,12971,4,,,9800,2,2019-12-01 07:02:38,1,2,818957,,,,,3a029741-561b-4285-a991-633a45a69281,,,,114,54,1,2019-12-02 07:40:38,,,2019-12-06 11:01:31,2,0,1,paid,12895,,,0,0,,1,Ina,Alber,,44,,female,AT,KT,Villach,Hausergasse,28,-,-,9500,1400,1078,499,400,500,5923.0,2,2,0.987
1897975,2019-12-01 06:59:54,12467,2019-12-01 07:12:25,12467,,2019-12-01 06:59:54,,,,AT,AT,AT,,Villach,,,Austria,1,confirmed,1,0,,12971,4,,,9800,2,2019-12-01 07:02:38,1,2,818957,,,,,3a029741-561b-4285-a991-633a45a69281,,,,9999999999,54,1,2019-12-02 07:40:38,,,2019-12-06 11:01:31,2,0,1,return,12895,,,0,0,,1,Ina,Alber,,44,,female,AT,KT,Villach,Hausergasse,28,-,-,9500,1400,1078,499,400,500,5923.0,2,0,1.0
1897975,2019-12-01 06:59:54,12467,2019-12-01 07:12:25,0,,2019-12-01 06:59:54,12467,,,AT,AT,AT,,Villach,,,Austria,1,abc,1,0,,12971,4,,,9800,2,2019-12-01 07:02:38,1,2,818957,,,,,3a029741-561b-4285-a991-633a45a69281,,,,0,54,1,2019-12-02 07:40:38,,,2019-12-06 11:01:31,2,0,1,abc,12895,,,0,0,,1,Ina,Alber,,44,,female,AT,KT,Villach,Hausergasse,28,-,-,9500,1400,1078,499,400,500,5923.0,0,2,0.988
1898019,2019-12-01 07:26:23,13009,2019-12-01 07:35:31,13009,,2019-12-01 07:26:23,13009,,,AT,AT,AT,,Wien,,,Austria,1,rejected,1,0,,12971,4,,,9900,1,2019-12-01 07:26:41,1,2,1141637,,,,,48e63009-7b91-4673-abe9-4f2d2f7cfe2c,,,,76,54,1,2019-12-02 07:40:27,,,2019-12-10 16:52:47,2,0,1,return,12895,,,0,0,,1,Diana,Stagl,,43,,female,AT,W,Wien,Pirquetgasse,10,Stiege 14,Tuer 7,1220,1400,1078,499,400,500,6023.0,2,2,0.988
1897379,2019-11-30 20:24:32,9945,2019-12-01 07:35:59,9945,,2019-11-30 20:24:32,9945,,,AT,AT,AT,,Gratwein,,,Austria,1,confirmed,1,0,,12971,4,,,13500,0,,1,4,1141157,,,,,b77d77cd-a432-4b27-af8b-d5a3c49cd788,,,,40095,54,1,2019-12-02 07:41:27,,,2019-12-03 15:24:22,4,0,1,return,12895,,,0,0,,0,Medina,Latic,4367763719244,47,,female,AT,ST,Gratwein,RINGSIEDLUNG,4,-,2,8111,1400,1078,499,400,1000,9123.0,2,2,0.986
1898099,2019-12-01 08:00:54,13917,2019-12-01 08:06:44,13917,,2019-12-01 08:00:54,13917,,,IT,IT,IT,,,,,,1,confirmed,1,0,,4,19,,,11800,0,,3,4,1101973,,,,,,,,,143,47,2,2019-12-02 08:25:42,,,2019-12-31 00:00:00,4,0,1,return,6160,GIACENZA PER SPED. RIFIUTATA/SVINCOLA ONLINE,,0,0,delete from logistics,1,Pierluigi,Rauch,,74,,male,IT,VB,Bracchio,Via S. Francesco d'Assisi,5,-,-,28802,,772,320,460,1278,,2,2,0.873
1898079,2019-12-01 07:50:02,12289,2019-12-01 08:07:56,12289,,2019-12-01 07:50:02,12289,,,IT,UA,IT,,,,,,1,confirmed,1,0,,12799,4,,,8500,0,,1,2,1141689,,,44702,,,,,,1002,54,1,2019-12-02 08:25:45,,,2019-12-10 00:00:00,2,0,1,return,6160,,,0,0,,1,Lidia Soledad,Pacheco Manuel,,43,,female,IT,SA,Bellizzi,Via Roma,255,-,-,84092,3600,772,320,460,500,2848.0,2,2,0.903
1897839,2019-12-01 01:55:01,13613,2019-12-01 08:20:33,13613,,2019-12-01 01:55:01,13613,,,IT,AU,IT,,,,,,1,confirmed,1,0,,6304,6,,,13000,0,,5,4,50423,,,3762,d3a7a6cc-b3df-46a7-8d75-e6d779345ec9,,,,,23000,54,2,2019-12-02 08:26:53,,,2019-12-23 00:00:00,4,0,1,return,6160,GIACENZA PER SPED. RIFIUTATA/SVINCOLA ONLINE,,0,0,delete from logistics,1,Efren,Cunamay,,56,,male,IT,MI,Milano,Via Torquato Taramelli,64,-,-,20124,3600,772,320,460,1066,6782.0,2,2,0.939
1898037,2019-12-01 07:35:19,13055,2019-12-01 08:30:31,13055,,2019-12-01 07:35:19,13055,,,IT,IT,IT,,Massafra,,,,1,confirmed,1,0,,12971,4,,,11000,0,,2,4,1141651,,,,,3389d017-b9b4-456e-afe0-498d53b4cd7b,,,,3169,54,2,2019-12-02 08:25:57,,,2019-12-16 00:00:00,4,0,1,return,6160,GIACENZA PER SPED. RIFIUTATA/SVINCOLA ONLINE,,0,0,delete from logistics,1,Addolorata,Ciccarella,,44,,female,IT,TA,Massafra,Via Gorizia,128,-,-,74016,1300,772,320,460,990,7158.0,2,2,0.883
1898065,2019-12-01 07:47:35,11403,2019-12-01 08:32:39,11403,,2019-12-01 07:47:35,11403,,,IT,IT,IT,,,,,,1,confirmed,1,0,,6495,5,1401,,14900,0,,8,5,402343,11241,,,,c45j5x324862lgki,0,,,2096,54,1,2019-12-02 08:25:50,,,2019-12-24 00:00:00,5,0,1,return,6160,GIACENZA PER FERMO DEPOSITO,,0,0,logistics,0,F.D. SDA,Giuseppe Della Sala,,55,,male,IT,SI,Monteriggioni,Via della Resistenza  Località Badesse,107,-,-,53035,3400,772,320,460,1500,8448.0,2,2,0.895
1897367,2019-11-30 20:18:00,12467,2019-12-01 08:33:50,12467,,2019-11-30 20:18:00,12467,,,AT,AT,AT,,Mauthen Nr.139,,,Austria,1,confirmed,1,0,,12971,4,,,5900,4,2019-12-01 08:15:44,2,1,1141151,,,,,b94a2c49-6db9-4228-97e3-bb0f0c3ab639,,,,41427,54,1,2019-12-02 07:41:29,,,2019-12-03 15:14:59,1,0,1,return,12895,,,0,0,,0,Monika,Mölzer,4366488696704,58,,female,AT,KT,Kötschach-Mauthen,Mauthen,139,-,-,9640,1400,1078,499,400,250,2273.0,2,2,0.987
1898201,2019-12-01 08:33:22,13911,2019-12-01 08:47:15,13911,,2019-12-01 08:33:22,13911,,,IT,IT,IT,,,,,,1,confirmed,1,0,,46,5,,,9500,0,,3,3,1141777,,MGID Reborn 2k19,Ilya_New_Prostata_Mgid_2,,2ed20u31n5m9lff8,,,,672,5845,2,2019-12-02 08:25:21,,,2019-12-11 00:00:00,3,0,1,return,6160,GIACENZA PER SPED. RIFIUTATA/SVINCOLA ONLINE,,0,0,delete from logistics,1,Michele,Sarcinella,,65,,male,IT,BR,Ceglie Messapica,Viale Aldo Moro,64,-,-,72013,3400,772,320,460,840,3708.0,2,2,0.881
1897701,2019-11-30 23:32:53,12283,2019-12-01 08:50:03,12283,,2019-11-30 23:32:53,12283,,,IT,IT,IT,,Forlì,,,,1,confirmed,1,0,,12971,4,,,10500,0,,2,4,115599,,,,,062775ce-e12f-4135-8f7b-ce4a1a711a8f,,,,33345,54,2,2019-12-02 08:27:17,,,2020-01-03 00:00:00,4,0,1,return,6160,GIACENZA PER SPED. RIFIUTATA/SVINCOLA ONLINE,,0,0,delete from logistics,0,Annalisa,Mavica,,40,,female,IT,FC,Forlì,Via Rio massa,36,-,-,47121,1300,772,320,460,990,6658.0,2,2,0.893
1897589,2019-11-30 22:03:34,8601,2019-12-01 08:53:59,8601,,2019-11-30 22:03:34,8601,,,IT,IT,IT,,,,,,1,confirmed,1,0,,46,5,,,5100,0,,2,1,1141311,,MGID Reborn 2k19,Roman_Prostatricum Mob 6C,,af5d3u3e2oj9l9b9,,,,38844,5845,1,2019-12-02 08:27:31,,,2020-01-02 00:00:00,1,0,1,return,6160,GIACENZA PER SPED. NON PAGATA DA DESTINATARIO,,0,0,,0,Coop.,Parma 80,,50,,male,IT,PR,Parma,Borgo del Naviglio,17,-,-,43121,3400,772,320,460,300,-152.0,2,2,0.821
1898261,2019-12-01 08:56:12,12283,2019-12-01 09:19:37,12283,,2019-12-01 08:56:12,12283,,,IT,IT,IT,,Guarcino,,,,1,confirmed,1,0,,12971,4,,,10200,0,,3,3,1141833,,,,,54a5f44b-9ca9-4c35-8961-d999e0877bd9,,,,1212,54,1,2019-12-02 08:25:07,,,2019-12-10 00:00:00,3,0,1,return,6160,INDIRIZZO INCOMPLETO/ERRATO,,0,0,delete from logistics,1,Patrizia,Belli,,68,,male,IT,FR,Guarcino,Via Santa Maria della Quercia,40,-,-,3016,1300,772,320,460,750,6598.0,2,2,0.892
1898295,2019-12-01 09:07:24,13617,2019-12-01 09:19:56,13617,,2019-12-01 09:07:24,13617,,,IT,IT,IT,,Saline di volterra,,,,1,confirmed,1,0,,12971,4,,,14000,0,,5,5,1141865,,,,,61a24eef-f1f0-4c1b-a0ec-16c99d7676eb,,,,574,54,2,2019-12-02 08:24:54,,,2019-12-30 00:00:00,5,0,1,return,6160,GIACENZA PER DESTINATARIO ASSENTE-SVINCOLA ONLINE,,0,0,recall,0,Marta,De Monti,,48,,female,IT,PI,Saline di volterra,Della Fornace,10,-,1o,56048,1300,772,320,460,1240,9908.0,2,2,0.76
1897867,2019-12-01 04:20:32,9097,2019-12-01 09:20:51,9097,,2019-12-01 04:20:32,9097,,,IT,IT,IT,,,,,,1,confirmed,1,0,,6122,10,,,14000,0,,3,5,1141509,,,,,,,,,17756,54,2,2019-12-02 08:26:35,,,2019-12-09 00:00:00,5,0,1,return,6160,DESTIN. ASSENTE-SVINCOLA ONLINE PER NUOVA CONSEGNA,,0,0,recall,1,Luciano,Petrarca,,51,,male,IT,LE,San Cassiano,Via Giuseppe Pisanelli,7,,-,73020,3500,772,320,460,1684,7264.0,2,2,0.866
1898315,2019-12-01 09:13:47,10235,2019-12-01 09:48:29,10235,,2019-12-01 09:13:47,10235,,,IT,IT,IT,,,,,,1,confirmed,1,0,,7955,4,,,14500,0,,2,5,1141885,,16qqs30itv75o,,,,,,,1765,7534,2,2019-12-02 08:24:46,,,2019-12-10 00:00:00,5,0,1,return,6160,GIACENZA PER DESTINATARIO ASSENTE-SVINCOLA ONLINE,,0,0,recall,1,Teresa,Abbattista,,68,,female,IT,BA,Bari,Via Tenente Cesare Suglia,46,-,-,70126,3500,772,320,460,1658,7790.0,2,2,0.865
1897459,2019-11-30 21:01:49,12729,2019-12-01 09:50:34,12729,,2019-11-30 21:01:49,12729,,,IT,IT,IT,,Altamura,,,,1,confirmed,1,0,,12971,4,,,10000,0,,5,3,1141225,,,,,abd80415-88fc-49a2-ac24-dbf4916c45de,,,,46019,54,1,2019-12-02 08:28:07,,,2019-12-16 00:00:00,3,0,1,return,6160,GIACENZA PER SPED. RIFIUTATA/SVINCOLA ONLINE,,0,0,cancel,1,Angela,Natalicchio / Picerno,,44,,female,IT,BA,Altamura,Piazza Piscitelli,9,-,-,70023,1300,772,320,460,750,6398.0,2,2,0.925
1898311,2019-12-01 09:11:44,12725,2019-12-01 10:03:14,12725,,2019-12-01 09:11:44,12725,,,IT,IT,IT,,,,,,1,confirmed,1,0,,11941,4,1833,606,5100,0,,5,1,1141883,12969,,,,,0,,,2063,54,1,2019-12-02 08:24:51,,,2019-12-31 00:00:00,1,0,1,return,6160,GIACENZA PER SPED. RIFIUTATA/SVINCOLA ONLINE,,0,0,recall,1,marco,pelloni,,51,,male,IT,RM,Roma,Via Morsasco,59,,-,166,3400,772,320,460,250,-102.0,2,2,0.913
1895517,2019-11-30 11:03:23,11979,2019-12-01 10:04:51,11979,,2019-11-30 11:03:23,11979,,,IT,,IT,BO,Bentivoglio,,,,1,confirmed,1,0,,111,6,,,9000,0,,8,3,1072655,,,,,,,,,82731,47,2,2019-12-02 08:28:52,,,2019-12-20 00:00:00,3,0,1,return,6160,GIACENZA PER FERMO DEPOSITO,,0,0,logistics,0,FD SDA,Fontana Dionigi,,59,,male,IT,BO,Bentivoglio,Bologna Interporto - Comparto,"13,5",-,-,40010,,772,320,460,826,,2,2,0.869
1897681,2019-11-30 23:18:35,13027,2019-12-01 10:13:59,13027,,2019-11-30 23:18:35,13027,,,PT,PT,PT,,,,,Portugal,1,confirmed,1,0,,6638,61,,,8500,2,2019-12-01 09:06:10,3,2,1141385,,Facebook,Prostatricum PT,1711,229c3f7d482d6b_api,,,,39201,5845,1,2019-12-02 14:55:36,,,2019-12-06 09:41:05,2,0,1,return,12895,,,0,0,,0,Joao,Bessa,-,54,,male,PT,PT,"Vila Nova de Gaia, Porto",Praceta Fernao Pó,44,-,3esqsanta marinha,4400-626,3400,750,240,330,600,3180.0,2,2,0.905
1898501,2019-12-01 10:03:19,13057,2019-12-01 10:26:30,13057,,2019-12-01 10:03:19,13057,,,IT,IT,IT,,,,,,1,confirmed,1,0,,6122,10,,,10500,0,,3,3,1141969,,,,,,,,,1303,54,1,2019-12-02 08:24:25,,,2019-12-16 00:00:00,3,0,1,return,6160,GIACENZA PER DESTINATARIO ASSENTE-SVINCOLA ONLINE,,0,0,delete from logistics,0,Sergio,Gazza,,72,,male,IT,CN,Magliano Alfieri,Corso Guglielmo Marconi,35D,-,-,12050,3500,772,320,460,1038,4410.0,2,2,0.712
1891769,2019-11-29 10:41:35,10993,2019-12-01 10:28:48,10993,,2019-11-29 10:41:35,10993,,,IT,,IT,TO,Alpignano,,,,1,confirmed,1,0,,4,6,,,14000,1,2019-11-29 10:41:35,5,5,750401,,,,,,,,,171927,47,2,2019-12-02 08:29:15,,,2020-01-03 00:00:00,5,0,1,return,6160,GIACENZA PER FERMO DEPOSITO,,0,0,,0,Giorgio,Calvi,,76,,male,IT,TO,RIVALTA,Interporto Sito 3^ strada,14,-,-,10141,,772,320,460,1306,,2,2,0.869
1897709,2019-11-30 23:35:44,12419,2019-12-01 10:37:46,12419,,2019-11-30 23:35:44,12419,,,AT,AT,AT,,Salzburg,,,Austria,1,confirmed,1,0,,12971,4,,,13500,0,,3,4,803115,,,,,149d6b5c-8392-4ba6-9f40-ab13cd05ecb7,,,,39560,54,1,2019-12-02 07:41:06,,,2019-12-30 08:25:03,4,0,1,return,12895,,,0,0,,0,Rofica,Bunaciu,436643775954,,1,female,AT,SB,Salzburg,Laufenstraße,56,Stiege 1,3,5020,1400,1078,499,400,1000,9123.0,2,2,0.987
1894835,2019-11-30 09:04:28,12467,2019-12-01 11:19:03,12467,,2019-11-30 09:04:28,12467,,,AT,AT,AT,,Niederösterreich,,,Austria,1,confirmed,1,0,,12971,4,,,13500,2,2019-12-01 11:04:59,5,4,1140031,,,,,a818fdb4-34d4-48dc-a6b0-4b348638a6f8,,,,327,54,1,2019-12-02 07:47:32,,,2020-01-03 09:52:53,4,0,1,return,12895,,,0,0,,1,Monica,Silva,436502701756,53,,female,AT,NÖ,Grünbach am Schneeberg,Neubaustraße,11,-,-,2733,1400,1078,499,400,1000,9123.0,2,2,0.988
1897609,2019-11-30 22:18:56,17233,2019-12-01 11:20:27,17233,,2019-11-30 22:18:56,17233,,,DE,DE,DE,,,,,Germany,1,confirmed,1,0,,11941,4,2100,33,8500,3,2019-12-01 10:55:32,4,2,1141325,16751,,,,,0,,,30619,54,1,2019-12-02 09:37:51,,,2019-12-11 00:00:00,2,0,1,return,6160,THE RECEIVER WAS NOT AVAILABLE AT THE TIME OF THE FINAL DELIVERY ATTEMPT,,0,0,,1,Mirlinda,Lahu,4917666332731,36,,female,DE,NW,Brilon,Itzelstein,66,-,-,59929,3000,750,550,300,500,3400.0,2,2,0.965
1898041,2019-12-01 07:35:47,13917,2019-12-01 11:31:09,13917,,2019-12-01 07:35:47,13917,,,IT,AU,IT,,,,,,1,confirmed,1,0,,6304,6,,,13900,0,,11,5,873265,,,2450,31bb0034-4f23-4905-84b1-2cd487779677,,,,,13972,54,2,2019-12-02 08:25:55,,,2019-12-31 00:00:00,5,0,1,return,6160,GIACENZA PER FERMO DEPOSITO,,0,0,recall,0,Fermo dep.sda,Gianni Sitzia,,55,,male,IT,CA,Elmas,Via Mario Betti -  Zona Industriale Casic Est,25,-,-,9030,3600,772,320,460,1306,7442.0,2,2,0.844
1898863,2019-12-01 11:19:24,9245,2019-12-01 11:37:10,9245,,2019-12-01 11:19:24,9245,,,IT,AU,IT,,,,,,1,confirmed,1,0,,6304,6,,,13500,0,,4,5,1119593,,,6316,d6a6cdbc-3a11-4e24-a2bc-09804f80a254,,,,,976,54,2,2019-12-02 08:23:50,,,2020-01-02 00:00:00,5,0,1,return,6160,GIACENZA PER SPED. RIFIUTATA/SVINCOLA ONLINE,,0,0,recall,1,Salvatore,Lombardo,,56,,male,IT,CL,Marianopoli,Via Sicilia,10,-,-,93010,3600,772,320,460,1306,7042.0,2,2,0.919
1898655,2019-12-01 10:44:24,11717,2019-12-01 11:41:28,11717,,2019-12-01 10:44:24,11717,,,AT,AT,AT,,Wien,,,Austria,1,confirmed,1,0,,12971,4,,,28000,0,,1,14,1142049,,,,,d4a64cee-6858-4358-81f5-3efcd9eea2e1,,,,823,54,1,2019-12-02 07:38:15,,,2019-12-18 09:18:36,14,0,1,return,12895,,,0,0,,1,Antonia,Stankovivic,436677758135,35,,female,AT,W,Wien,Anton-Sattler-Gasse,82,Stiege 1,1,1220,1400,1078,499,400,3500,21123.0,2,2,0.988
1894569,2019-11-30 08:17:18,12015,2019-12-01 11:58:01,12015,,2019-11-30 08:17:18,12015,,,AT,,AT,,Graz,,,Austria,1,confirmed,1,0,,12971,4,,,14900,5,2019-12-01 11:37:31,7,5,1139963,,,,,f2c32248-10d8-43ba-9968-92c67f21ec71,,,,156,54,1,2019-12-02 07:47:45,,,2019-12-23 09:42:50,5,0,1,return,12895,,,0,0,,1,Dijana,Deumic,436764414720,55,,female,AT,ST,Graz,Ägydigasse,14,-,2,8020,1400,1078,499,400,1250,10273.0,2,2,0.988
1898059,2019-12-01 07:43:21,8204,2019-12-01 12:06:08,8204,,2019-12-01 07:43:20,8204,,,IT,FR,IT,,,,,,1,confirmed,1,0,,11675,19,1413,,13500,0,,5,5,1141671,13859,,,,,0,,,15608,7534,2,2019-12-02 08:25:52,,,2020-01-08 00:00:00,5,0,1,return,6160,INDIRIZZO INCOMPLETO/ERRATO,,0,0,delete from logistics,1,Fermo Deposito SDA,Godsarm John,,22,,male,IT,MI,Carpiano,Via Sandro Pertini,17,-,-,20080,2500,772,320,460,1730,7718.0,2,2,0.895
1897819,2019-12-01 01:18:59,12419,2019-12-01 12:12:54,12419,,2019-12-01 01:18:58,12419,,,AT,AT,AT,,,,,Austria,1,confirmed,1,0,,15199,4,498,,23500,0,,3,7,1141481,20725,,,,,0,,,39120,12159,1,2019-12-02 07:40:59,,,2019-12-30 08:25:03,7,0,1,return,12895,,,0,0,,1,Ilena,Komar,436507526804,44,,female,AT,NÖ,Lanzendorf,Untere Hauptstraße,42,-,Tuer 1,2326,3500,1078,499,400,1750,16273.0,2,2,0.989
1899065,2019-12-01 12:15:09,13855,2019-12-01 12:33:41,13855,,2019-12-01 12:15:09,13855,,,AT,AT,AT,,Gallspach,,,Austria,1,confirmed,1,0,,12971,4,,,28000,1,2019-12-01 12:20:47,1,12,1142195,,,,,e6d53501-8bad-4415-ab4e-5f43312e6271,,,,83,54,1,2019-12-02 07:38:01,,,2019-12-30 08:25:03,12,0,1,return,12895,,,0,0,,1,Natascha,Breinössl,436644872398,37,,female,AT,OÖ,Gallspach,Niederndorferstraße,7,-,3,4713,1400,1078,499,400,3000,21623.0,2,2,0.987
1899113,2019-12-01 12:43:18,9945,2019-12-01 12:49:54,9945,,2019-12-01 12:43:18,9945,,,AT,AT,AT,,,,,Austria,1,confirmed,1,0,,13127,4,,,8000,0,,1,2,1019945,,8344,,,,,,,319,12159,1,2019-12-02 07:37:57,,,2020-01-03 09:52:53,2,0,1,return,12895,,,0,0,,1,Helene,Larcher Anderer,436508654925,99,,female,AT,Vb,Nüziders,Mühleweg,5a,-,-,6714,3500,1078,499,400,500,2023.0,2,2,0.987
1897157,2019-11-30 18:37:14,12141,2019-12-01 13:01:33,12141,,2019-11-30 18:37:14,12141,,,IT,IT,IT,,,,,,1,confirmed,1,0,,46,5,,,13000,0,,8,4,1140991,,MGID Reborn 2k19,Roman_Prostatricum Mob 6C,,23b64u33z46gxfb9,,,,66190,5845,1,2019-12-02 08:28:24,,,2019-12-27 00:00:00,4,0,1,return,6160,GIACENZA PER SPED. RIFIUTATA/SVINCOLA ONLINE,,0,0,recall,1,Fnp Cisl,Antonio Proto,,72,,male,IT,AT,San Damiano d'Asti,Via San Giuseppe,6,-,-,14015,3400,772,320,460,1200,6848.0,2,2,0.937
1899105,2019-12-01 12:38:06,17233,2019-12-01 13:04:36,17233,,2019-12-01 12:38:06,17233,,,DE,DE,DE,,,,,Germany,1,confirmed,1,0,,12809,5,,,8500,1,2019-12-01 12:38:32,1,2,1142221,,,,,,,,,1216,12159,1,2019-12-02 09:37:40,,,2019-12-10 00:00:00,2,0,1,return,6160,THE RECEIVER WAS NOT AVAILABLE AT THE TIME OF THE FINAL DELIVERY ATTEMPT,,0,0,,1,Barhame,Saidou,4915214343213,55,,male,DE,BW,Pforzheim,Zehnthofstraße,5,-,-,75175,3200,750,550,300,600,3100.0,2,2,0.967
1897765,2019-12-01 00:26:07,12419,2019-12-01 13:09:38,12419,,2019-12-01 00:26:07,12419,,,DE,AU,DE,,,,,Germany,1,confirmed,1,0,,6304,5,,,19500,0,,4,6,1141449,,,33494,91e7c99d-ae00-44a0-a7c6-de21fb156286,,,,,45667,54,1,2019-12-02 09:37:49,,,2019-12-05 00:00:00,6,0,1,return,6160,THE RECEIVER WAS NOT AVAILABLE AT THE TIME OF THE FINAL DELIVERY ATTEMPT,,0,0,,1,Serkan,Dobak,4917632767372,40,,male,DE,BE,Berlin,Fritz-Erler-Allee,62,-,-,12351,3000,750,550,300,1800,13100.0,2,2,0.978
1899155,2019-12-01 12:55:13,9945,2019-12-01 13:10:13,9945,,2019-12-01 12:55:13,9945,,,AT,AT,AT,,Wien,,,Austria,1,confirmed,1,0,,12971,4,,,22000,0,,1,10,1142239,,,,,0989746c-70d4-4220-88e5-d30c758784e7,,,,563,54,1,2019-12-02 07:37:54,,,2019-12-30 08:25:03,10,0,1,return,12895,,,0,0,,1,Zoran,Dinic,4368181640927,99,,male,AT,W,Wien,Stromstraße,14-16A,-,6,1200,1400,1078,499,400,2500,16123.0,2,2,0.988
1897959,2019-12-01 06:50:47,12467,2019-12-01 13:18:39,12467,,2019-12-01 06:50:47,12467,,,AT,AT,AT,,Kleinsitzendorf,,,Austria,1,confirmed,1,0,,12971,4,,,13000,3,2019-12-01 13:06:37,5,4,1141593,,,,,e50b7444-4941-42b9-b289-b7f59eae500b,,,,50,54,1,2019-12-02 07:40:41,,,2019-12-30 00:00:00,4,0,1,return,12895,,,0,0,,1,Elizabeta,Ljugbunarii,436643818730,46,,female,AT,NÖ,Kleinsitzendorf,Kleinsitzendorf,7,-,-,2115,1400,1078,499,400,1000,8623.0,2,2,0.988
1893527,2019-11-29 17:40:25,13353,2019-12-01 13:38:44,13353,,2019-11-29 17:40:25,13353,,,IT,IT,IT,,,,,,1,confirmed,1,0,,7082,5,1815,,5100,0,,6,1,1139315,21437,,,,,0,,,158054,54,1,2019-12-02 08:29:10,,,2019-12-30 00:00:00,1,0,1,return,6160,GIACENZA PER SPED. RIFIUTATA/SVINCOLA ONLINE,,0,0,recall,1,AGOSTINO,TIMPANO,,72,,male,IT,CZ,Catanzaro,Via Case Arse,20,-,-,88100,3400,772,320,460,300,-152.0,2,2,0.932
1899289,2019-12-01 13:42:50,7278,2019-12-01 14:03:25,7278,,2019-12-01 13:42:50,7278,,,AT,AT,AT,,Wels,,,Austria,1,confirmed,1,0,,12971,4,,,9000,0,,1,2,1142291,,,,,337a7a9a-3eda-4b7a-9824-d62c85b5cd16,,,,699,54,1,2019-12-02 07:37:49,,,2019-12-04 12:17:55,2,0,1,return,12895,,,0,0,,1,Claudia,Gruber,436606394984,44,,female,AT,OÖ,Wels,Quergasse,35e,-,-,4600,1400,1078,499,400,500,5123.0,2,2,0.986
1899321,2019-12-01 13:54:59,12929,2019-12-01 14:18:40,12929,,2019-12-01 13:54:59,12929,,,IT,IT,IT,,,,,,1,confirmed,1,0,,6638,5,,,10500,0,,3,3,1142305,,Facebook,Adenoma 2,1825,7614e0d954d1bb_api,,,,1327,5845,1,2019-12-02 08:23:02,,,2019-12-09 00:00:00,3,0,1,return,6160,GIACENZA PER SPED. RIFIUTATA/SVINCOLA ONLINE,,0,0,cancel,0,Francesco,Cerciello,,52,,male,IT,,Somma vesuviana,Via Tirone,89,-,-,80049,3400,772,320,460,900,4648.0,2,2,0.891
1897809,2019-12-01 01:02:05,12419,2019-12-01 14:38:57,12419,,2019-12-01 01:02:05,12419,,,AT,,AT,,Schönau an der triesting,,,Austria,1,confirmed,1,0,,12971,4,,,10300,0,,5,2,1141475,,,,,c963b6b5-fe12-467c-ae7f-850f555006a3,,,,38932,54,1,2019-12-02 07:41:05,,,2020-01-03 09:52:53,2,0,1,return,12895,,,0,0,,0,Susanna,Horvath,436641342555,56,,female,AT,NÖ,Schönau an der Triesting,Weingarten Straße,24,-,-,2525,1400,1078,499,400,500,6423.0,2,2,0.987
1899465,2019-12-01 14:28:38,9245,2019-12-01 14:42:40,9245,,2019-12-01 14:28:38,9245,,,IT,AU,IT,,,,,,1,confirmed,1,0,,6304,6,,,5100,0,,3,1,1142343,,,6316,306e320a-e21d-477c-936e-44ad2fdbff5b,,,,,641,54,1,2019-12-02 08:22:52,,,2019-12-11 00:00:00,1,0,1,return,6160,GIACENZA PER SPED. RIFIUTATA/SVINCOLA ONLINE,,0,0,delete from logistics,1,Cosimo,Ranieri,,81,,male,IT,TA,Taranto,Via Veneto,50,-,-,74121,3600,772,320,460,240,-292.0,2,2,0.918
1899255,2019-12-01 13:34:18,12377,2019-12-01 14:50:38,12377,,2019-12-01 13:34:18,12377,,,PT,PT,PT,,,,,Portugal,1,confirmed,1,0,,6638,61,,,12000,2,2019-12-01 14:30:57,2,4,1142281,,Facebook,Prostatricum PT,1815,5f0085c23cb85c_api,,,,4155,5845,1,2019-12-02 14:55:29,,,2019-12-09 09:52:27,4,0,1,return,12895,,,0,0,,0,Carlos,Estêvão,,60,,male,PT,PT,"Penha de França, Lisboa",Avenida General Roçadas,S/N,-,-,1170-157,3400,750,240,330,1200,6080.0,2,2,0.913
1899555,2019-12-01 15:12:26,7278,2019-12-01 15:32:11,7278,,2019-12-01 15:12:26,7278,,,AT,AT,AT,,Mitterberg-Sankt Martin,,,Austria,1,confirmed,1,0,,12971,4,,,9000,0,,1,2,1142395,,,,,49cc5dcb-bc4c-467a-a55e-b4080c95b848,,,,542,54,1,2019-12-02 07:37:47,,,2019-12-06 11:01:31,2,0,1,return,12895,,,0,0,,0,Anett,Nagy-Madarasz,436606652015,38,,female,AT,ST,Mitterberg-Sankt Martin,Kaindorf,134/1,-,-,8962,1400,1078,499,400,500,5123.0,2,2,0.984
1897451,2019-11-30 20:58:17,11859,2019-12-01 15:34:15,11859,,2019-11-30 20:58:17,11859,,,IT,IT,IT,,Gravellona Toce,,,,1,confirmed,1,0,,12971,4,,,14000,0,,7,5,1141217,,,,,53508765-a1b6-434a-a494-ee21240a0a7e,,,,66501,54,2,2019-12-02 08:28:09,,,2019-12-30 00:00:00,5,0,1,return,6160,INDIRIZZO INCOMPLETO/ERRATO,,0,0,recall,0,Michela,Ferrantino,,38,,female,IT,NO,Castelletto sopra Ticino,Via Caduti della Libertà,30,-,-,28053,1300,772,320,460,1240,9908.0,2,2,0.873
1899613,2019-12-01 15:46:48,13855,2019-12-01 16:01:23,13855,,2019-12-01 15:46:48,13855,,,AT,AT,AT,,Wien,,,Austria,1,confirmed,1,0,,12971,4,,,16000,1,2019-12-01 15:51:04,1,5,1142441,,,,,d2d614fa-5097-4205-8a2e-8a33d8f919c3,,,,104,54,1,2019-12-02 07:37:44,,,2019-12-06 11:01:31,5,0,1,return,12895,,,0,0,,1,Alexandra,Winkler-Michael,436641832888,46,,female,AT,W,Wien,Albertgasse,17,,22,1080,1400,1078,499,400,1250,11373.0,2,2,0.987
1899629,2019-12-01 15:53:46,12467,2019-12-01 16:06:19,12467,,2019-12-01 15:53:46,12467,,,AT,AT,AT,,St.Agatha,,,Austria,1,confirmed,1,0,,12971,4,,,13000,1,2019-12-01 15:54:02,1,4,1142457,,,,,d0399429-35ef-4bdd-81d3-442375958826,,,,431,54,1,2019-12-02 07:37:42,,,2020-01-03 09:52:53,4,0,1,return,12895,,,0,0,,0,Gabriela,Fischer,436765313902,53,,female,AT,OÖ,St.Agatha,Gferedtstrasse,2,-,3,4084,1400,1078,499,400,1000,8623.0,2,2,0.987
1899625,2019-12-01 15:51:26,8291,2019-12-01 16:12:29,8291,,2019-12-01 15:51:26,8291,,,IT,IT,IT,,S Giustina Belluno,,,,1,confirmed,1,0,,12971,4,,,12500,0,,3,5,1140897,,,,,0ed0a996-d0a0-4a6c-b3fb-62a9d74c3144,,,,1161,54,2,2019-12-02 08:22:16,,,2019-12-27 00:00:00,5,0,1,return,6160,GIACENZA PER SPED. RIFIUTATA/SVINCOLA ONLINE,,0,0,delete from logistics,1,Lia,Pioggia,,70,,female,IT,BL,Santa Giustina,Via Roma,32,-,1,32035,1300,772,320,460,1324,8324.0,2,2,0.895
1897821,2019-12-01 01:19:15,13055,2019-12-01 16:21:24,13055,,2019-12-01 01:19:15,13055,,,IT,IT,IT,,Fossano,,,,1,confirmed,1,0,,12971,4,,,12000,0,,2,4,1141483,,,,,7f1c42bf-a77a-403d-9707-5a8509504524,,,,53991,54,1,2019-12-02 08:27:03,,,2019-12-25 00:00:00,4,0,1,return,6160,GIACENZA PER SPED. RIFIUTATA/SVINCOLA ONLINE,,0,0,,1,Antonietta,Uccheddu,,45,,female,IT,CN,Fossano,Via Centallo,75,-,-,12045,1300,772,320,460,1000,8148.0,2,2,0.884
1899641,2019-12-01 15:57:54,13915,2019-12-01 16:23:26,13915,,2019-12-01 15:57:54,13915,,,IT,IT,IT,,,,,,1,confirmed,1,0,,11941,9,1857,1072,13500,0,,2,5,73570,21313,,,,,0,,,1374,54,2,2019-12-02 08:22:14,,,2019-12-28 00:00:00,5,0,1,return,6160,GIACENZA PER SPED. RIFIUTATA/SVINCOLA ONLINE,,0,0,delete from logistics,1,Salvatore,Dell' Anna,,65,,male,IT,LE,Salice Salentino,Via Cavalieri di Vittorio Veneto,12,-,-,63015,3900,772,320,460,1772,6276.0,2,2,0.915
1899689,2019-12-01 16:16:52,9945,2019-12-01 16:31:13,9945,,2019-12-01 16:16:52,9945,,,DE,DE,DE,,,,,Germany,1,confirmed,1,0,,12809,5,,,15000,0,,1,4,845511,,,,,,,,,748,12159,1,2019-12-02 09:37:31,,,2019-12-05 00:00:00,4,0,1,return,6160,,,0,0,,1,Wolfgang,Winhauer,4917634935118,67,,male,DE,BB,Beeskow,Luchweg,38,-,-,15848,3200,750,550,300,1200,9000.0,2,2,0.97
1899845,2019-12-01 17:08:34,13409,2019-12-01 17:20:42,13409,,2019-12-01 17:08:34,13409,,,DE,DE,DE,,,,,Germany,1,confirmed,1,0,,12809,5,,,15000,1,2019-12-01 17:09:37,1,4,1142601,,,,,,,,,655,12159,1,2019-12-02 09:37:29,,,2019-12-06 00:00:00,4,0,1,return,6160,THE RECEIVER WAS NOT AVAILABLE AT THE TIME OF THE FINAL DELIVERY ATTEMPT,,0,0,,1,Ibrahim,Aras,4915901224152,59,,male,DE,BW,Pleidelsheim,Hauptstraße,14,-,Aras,74385,3200,750,550,300,1200,9000.0,2,2,0.97
1899199,2019-12-01 13:14:28,12467,2019-12-01 17:42:21,12467,,2019-12-01 13:14:28,12467,,,AT,AT,AT,,Set,,,Austria,1,confirmed,1,0,,12971,4,,,16000,1,2019-12-01 17:30:56,4,6,1142263,,,,,830f1ebb-702f-4632-b6ad-418b01bf1456,,,,119,54,2,2019-12-02 07:37:52,,,2020-01-07 09:16:41,6,0,1,return,12895,,,0,0,,0,Nicole,Pinter,436763872938,36,,female,AT,NÖ,Stetteldorf am Wagram,Kasinostrasse,25,-,-,3464,1400,1078,499,400,1490,11133.0,2,2,0.987
1899241,2019-12-01 13:28:27,13009,2019-12-01 17:51:10,13009,,2019-12-01 13:28:27,13009,,,DE,DE,DE,,,,,Blankenburg Harz,1,confirmed,1,0,,6029,6,1512,507,5900,1,2019-12-01 13:28:52,2,1,1142277,16675,,oizh3qi8fxq11d08,,,0,,,15721,54,1,2019-12-02 09:37:38,,,2019-12-06 00:00:00,1,0,1,return,6160,THE RECEIVER WAS NOT AVAILABLE AT THE TIME OF THE FINAL DELIVERY ATTEMPT,,0,0,,1,Manfred,Urban,,43,,male,DE,SN,Blankenburg (Harz),Siedlungsweg,6,-,-,38889,3000,750,550,300,240,1060.0,2,2,0.972
1897155,2019-11-30 18:35:22,13409,2019-12-01 17:55:54,13409,,2019-11-30 18:35:22,13409,,,AT,AT,AT,,Wien,,,Austria,1,confirmed,1,0,,12971,4,,,10100,1,2019-12-01 17:44:01,4,2,1140989,,,,,dd787f66-6290-4351-923d-839b4bedccaa,,,,44,54,1,2019-12-02 07:41:43,,,2019-12-23 09:42:50,2,0,1,return,12895,,,0,0,,1,Anita,Nikolic,436764056259,42,,female,AT,W,Wien,Auhofstraße,108B,-,Tuer 7,1130,1400,1078,499,400,500,6223.0,2,2,0.987
1900015,2019-12-01 17:48:40,11859,2019-12-01 18:00:02,11859,,2019-12-01 17:48:40,11859,,,IT,IT,IT,,Castrolibero,,,,1,confirmed,1,0,,12971,4,,,14000,0,,2,5,1142659,,,,,418d602f-af5d-4a29-afe1-1fbf1511b3ca,,,,608,54,2,2019-12-02 08:21:35,,,2020-01-02 00:00:00,5,0,1,return,6160,GIACENZA PER SPED. RIFIUTATA/SVINCOLA ONLINE,,0,0,delete from logistics,1,Rossella,Peluso,,46,,female,IT,CS,Castrolibero,Via Talete,3,-,-,87040,1300,772,320,460,1240,9908.0,2,2,0.919
1900139,2019-12-01 18:22:54,13009,2019-12-01 18:34:59,13009,,2019-12-01 18:22:54,13009,,,AT,AT,AT,,Steyr-Gleink,,,Austria,1,confirmed,1,0,,12971,4,,,9900,2,2019-12-01 18:24:53,1,2,1142727,,,,,a7aaf939-5d6d-4500-996d-59b9964ac6ee,,,,133,54,1,2019-12-02 07:37:27,,,2019-12-05 13:22:23,2,0,1,return,12895,,,0,0,,0,Helga,Karer,,43,,female,AT,OÖ,Steyr-Gleink,Kronbergweg,10,-,-,4407,1400,1078,499,400,480,6043.0,2,2,0.986
1889501,2019-11-28 20:30:26,12419,2019-12-01 18:37:39,12419,,2019-11-28 20:30:26,12419,,,AT,AT,AT,,Salzburg,,,Austria,1,confirmed,1,0,,12971,4,,,8500,0,,8,2,1011767,,,,,5c29f816-5a92-4198-ace6-8a398372425b,,,,40756,54,1,2019-12-02 07:48:55,,,2019-12-05 16:31:40,2,0,1,return,12895,,,0,0,,0,Svetlana,Jankovic,436601810983,,1,female,AT,SB,Salzburg,Kirchenstrasse,50,-,Top 3,5020,1400,1078,499,400,500,4623.0,2,2,0.988
1897905,2019-12-01 05:30:46,13409,2019-12-01 18:49:13,13409,,2019-12-01 05:30:46,13409,,,AT,AT,AT,,Mureck,,,Austria,1,confirmed,1,0,,12971,4,,,19500,2,2019-12-01 18:32:16,5,6,1141541,,,,,80f50819-809e-44f1-9884-3c9e105f14ee,,,,13975,54,1,2019-12-02 07:40:49,,,2019-12-11 08:53:12,6,0,1,return,12895,,,0,0,,0,Evelin,Tschepe,436641724425,44,,female,AT,ST,Mureck,Sepp-Amschl Straße,23,-,Tuer 6,8480,1400,1078,499,400,1500,14623.0,2,2,0.985
1900171,2019-12-01 18:33:51,11717,2019-12-01 19:03:50,11717,,2019-12-01 18:33:51,11717,,,AT,AT,AT,,Wien,,,Austria,1,confirmed,1,0,,12971,4,,,18000,0,,1,5,1142745,,,,,f5949072-e0ec-4a22-b77b-faae47752e4c,,,,1437,54,1,2019-12-02 07:37:25,,,2019-12-17 12:20:52,5,0,1,return,12895,,,0,0,,1,Zorica,Markovic,436766587387,36,,female,AT,W,Wien,Schüttaustraße,1-39,-,44,1220,1400,1078,499,400,1250,13373.0,2,2,0.988
1900197,2019-12-01 18:46:27,12289,2019-12-01 19:26:55,12289,,2019-12-01 18:46:27,12289,,,IT,IT,IT,,,,,,1,confirmed,1,0,,46,5,,,5100,0,,2,1,1142761,,MGID Reborn 2k19,Roman_Prostatricum Mob 6C,,0234au39rm7e2976,,,,2330,5845,1,2019-12-02 08:21:19,,,2020-01-07 00:00:00,1,0,1,return,6160,GIACENZA PER FERMO DEPOSITO,,0,0,,0,Fermo Dep. SDA,Pontecagnano,,58,,male,IT,SA,Pontecagnano,Località Scontrafata Prolungamento Via Pacinotti,snc,-,-,84098,3400,772,320,460,300,-152.0,2,2,0.87
1900285,2019-12-01 19:24:26,10233,2019-12-01 19:37:44,10233,,2019-12-01 19:24:26,10233,,,IT,IT,IT,,,,,,1,confirmed,1,0,,46,5,,,23000,0,,3,11,1142829,,MGID Reborn 2k19,Roman Prostatricum Desktop 13C Old Acc NEW CRE,,cd070u39rqq176cb,,,,548,5845,2,2019-12-02 08:21:05,,,2019-12-06 00:00:00,11,0,1,return,6160,GIACENZA PER SPED. RIFIUTATA/SVINCOLA ONLINE,,0,0,cancel,0,Constantin,Govoreanu,,51,,male,IT,RM,Roma,Via Giuseppe Piolti de' Bianchi,259 palazzina g,105,1piano,166,3400,772,320,460,3346,14702.0,2,2,0.899
1900313,2019-12-01 19:31:41,10059,2019-12-01 19:45:10,10059,,2019-12-01 19:31:41,10059,,,IT,IT,IT,,,,,,1,confirmed,1,0,,18255,4,,,13900,0,,3,6,1142851,,MGID Reborn 2k19,It_Slim4 Tablet 4C,,87e9eu3g5h92t5b9,,,,506,5845,3,2019-12-02 08:21:02,,,2020-01-02 00:00:00,6,0,1,return,6160,GIACENZA PER DESTINATARIO ASSENTE-SVINCOLA ONLINE,,0,0,delete from logistics,1,Anna,Quarta,,64,,female,IT,BR,Torchiarolo,Via Luigi Cadorna,8,.,.,72020,3400,772,320,460,1624,7324.0,2,2,0.849
1900393,2019-12-01 20:21:07,10233,2019-12-01 20:29:33,10233,,2019-12-01 20:21:07,10233,,,IT,IT,IT,,,,,,1,confirmed,1,0,,18255,4,,,13000,0,,7,4,1142913,,MGID Reborn 2k19,It_Slim4_ALL V2,,fa5cau3g53z6j491,,,,444,5845,1,2019-12-02 08:20:46,,,2019-12-24 00:00:00,4,0,1,return,6160,GIACENZA PER SPED. RIFIUTATA/SVINCOLA ONLINE,,0,0,recall,1,Parafarmacia,Manuela,,67,,female,IT,CN,Savigliano,Via Giuseppe Mazzini,10,,-,12038,3400,772,320,460,1000,7048.0,2,2,0.909
1900433,2019-12-01 20:39:50,10235,2019-12-01 20:58:23,10235,,2019-12-01 20:39:50,10235,,,IT,IT,IT,,,,,,1,confirmed,1,0,,6122,10,,,5000,0,,1,1,1142941,,,,,,,,,1013,54,1,2019-12-02 08:20:36,,,2019-12-31 00:00:00,1,0,1,return,6160,GIACENZA PER SPED. RIFIUTATA/SVINCOLA ONLINE,,0,0,,0,Gaspare,Magro,,54,,male,IT,TP,Castelvetrano,Via Tagliata,75/C,-,-,91022,3500,772,320,460,346,-398.0,2,2,0.851
1900491,2019-12-01 21:17:46,8026,2019-12-01 21:47:11,8026,,2019-12-01 21:17:46,8026,,,IT,AU,IT,,,,,,1,confirmed,1,0,,13643,5,,,13000,0,,4,4,1142995,,,2450,72d38fc6-7cac-4a7b-b7a4-595950e46e7e,,,,,1277,54,1,2019-12-02 08:20:28,,,2019-12-30 00:00:00,4,0,1,return,6160,INDIRIZZO INCOMPLETO/ERRATO,,0,0,recall,0,Sandro,Manfredi,,70,,male,IT,PV,Garlasco,Via Striella,7,,-,27026,1500,772,320,460,1200,8748.0,2,2,0.863
1897539,2019-11-30 21:41:23,13783,2019-12-01 21:48:57,13783,,2019-11-30 21:41:23,13783,,,IT,IT,IT,,,,,,1,confirmed,1,0,,46,6,,,5500,0,,7,1,1141277,,MGID Reborn 2k19,Eretron MGID V3,,30335u3e2a83vbdc,,,,86728,5845,1,2019-12-02 08:28:00,,,2020-01-02 00:00:00,1,0,1,return,6160,GIACENZA PER SPED. RIFIUTATA/SVINCOLA ONLINE,,0,0,delete from logistics,1,Roberto,Brianti,,72,,male,IT,FE,Codigoro,Via Cà Motte,5,-,-,44021,3400,772,320,460,240,308.0,2,2,0.911
